year,month,day,headline,health_score,global_health_issue
2020,12,31,WHO issues its first emergency use validation for a COVID-19 vaccine and emphasizes need for equitable global access,0.37145817169238293,1
2020,12,30,COVID-19: One year later – WHO Director-General’s new year message,0.1496264922922825,1
2020,12,22,WHO guideline on ensuring balanced national policies for access and safe use of controlled medicines,0.0,0
2020,12,18,COVAX Announces additional deals to access promising COVID-19 vaccine candidates; plans global rollout starting Q1 2021,0.10874719462966227,1
2020,12,17,New PSA campaign from WHO and YouTube is a playbook for a safe holiday season,0.0,0
2020,12,14,"Almost 2 billion people depend on health care facilities without basic water services – WHO, UNICEF",0.0,0
2020,12,14,Responding to a yellow fever outbreak in Nigeria amidst a global pandemic,0.530553815401511,1
2020,12,14,"World’s largest youth organizations, representing 250 million members, and WHO launch global mobilization to respond to disruptive impacts of COVID-19 on young people",0.09912822053109364,0
2020,12,11,Call for Action: Managing the Infodemic,0.0,0
2020,12,11,"WHO, IFRC sign memorandum of understanding on emergency medical teams",0.2529379448453783,1
2020,12,10,Statement from the ‘civil society’ track of the 3rd Global Infodemic Management Conference,0.0,0
2020,12,9,WHO reveals leading causes of death and disability worldwide: 2000-2019,0.0,0
2020,12,8,WHO launches year-long campaign to help 100 million people quit tobacco,0.0,0
2020,12,8,Medical Product Alert N°7/2020: Falsified HARVONI (Ledipasvir/sofosbuvir),0.0,0
2020,12,3,"Global equitable access to COVID-19 vaccines estimated to generate economic benefits of at least US$ 153 billion in 2020–21, and US$ 466 billion by 2025, in 10 major economies, according to new report by the Eurasia Group",0.08142527394620802,0
2020,11,30,WHO calls for reinvigorated action to fight malaria,0.0,0
2020,11,25,Every move counts towards better health – says WHO,0.0,0
2020,11,20,World leaders join forces to fight the accelerating crisis of antimicrobial resistance,0.0,0
2020,11,19,Joint Statement on Data Protection and Privacy in the COVID-19 Response,0.18317972882440053,1
2020,11,17,WHO announces the Global Diabetes Compact,0.0,0
2020,11,17,A cervical cancer-free future: First-ever global commitment to eliminate a cancer,0.0,0
2020,11,16,How chats on private parts and cervical cancer are helping to defeat the disease in Africa,0.23867546362183406,1
2020,11,13,"Access to COVID-19 Tools Accelerator commitments reach US$ 5.1billion following new contributions, including at Paris Peace Forum",0.11171453069569531,1
2020,11,13,WHO establishes Council on the Economics of Health for All,0.0,0
2020,11,12,"WHA73 endorses resolutions on meningitis control and epilepsy, roadmap on neglected tropical diseases",0.0,0
2020,11,12,Worldwide measles deaths climb 50% from 2016 to 2019 claiming over 207 500 lives in 2019,0.0,0
2020,11,10,73rd World Health Assembly set to strengthen preparedness for health emergencies,0.0,0
2020,11,9,Statement to the resumed 73rd World Health Assembly by the Chair of the Review Committee on the Functioning of the International Health Regulations (2005) during the COVID-19 Response,0.12656442735236692,1
2020,11,9,"WHO Director-General calls on world to ""choose health"" at resumed 73rd World Health Assembly in the Year of the Nurse and the Midwife",0.0,0
2020,11,9,"OUT NOW: Special edition cover of ""We Are Family"" available for download in Support of WHO Foundation!",0.0,0
2020,11,6,UNICEF and WHO call for emergency action to avert major measles and polio epidemics,0.23967307024575746,1
2020,11,6,WHO-ICMRA joint statement on the need for improved global regulatory alignment on COVID-19 medicines and vaccines,0.13896939949981477,1
2020,11,5,World Health Assembly charts course for COVID-19 response and global health priorities,0.16317038300506004,1
2020,11,3,Cambodia commits to eliminating Plasmodium falciparum malaria,0.0,0
2020,10,30,"As COVID-19 spread accelerates, IHR Emergency Committee urges focus on measures that work",0.36663674899244636,1
2020,10,30,Medical Product Alert N°6/2020: Falsified Fluzone® Quadrivalent Influenza Vaccine,0.0,0
2020,10,30,Statement on the fifth meeting of the International Health Regulations (2005) Emergency Committee regarding the coronavirus disease (COVID-19) pandemic,1.2522426130819562,1
2020,10,23,"Steroids boost survival of preterm babies in low-resource settings, new study finds",0.0,0
2020,10,22,The World Health Organization and Wikimedia Foundation expand access to trusted information about COVID-19 on Wikipedia,0.13311678353261056,1
2020,10,22,Statement of the Twenty-Sixth Polio IHR Emergency Committee,0.35407856978896696,1
2020,10,21,Call for entries: 2nd WHO Health for All Film Festival,0.0,0
2020,10,19,Kim Sledge and the World We Want partner with WHO Foundation to re-record unity anthem “We Are Family” in response to COVID-19 and to focus on global public health needs,0.10169591675521929,1
2020,10,15,Solidarity Therapeutics Trial produces conclusive evidence on the effectiveness of repurposed drugs for COVID-19 in record time,0.11073051498268081,1
2020,10,15,"WHO appoints co-chairs of Independent Commission on sexual misconduct during the Ebola response in North Kivu and Ituri, the Democratic Republic of the Congo",0.0,0
2020,10,15,Nigeria resumes Yellow fever vaccination with safety measures necessary for the COVID-19 context,0.12629428680753055,1
2020,10,14,WHO: Global TB progress at risk,0.0,0
2020,10,13,"Impact of COVID-19 on people's livelihoods, their health and our food systems",0.17329298980369295,1
2020,10,8,"One stillbirth occurs every 16 seconds, according to first ever joint UN estimates",0.0,0
2020,10,7,Global challenge for movement on mental health kicks off as lack of investment in mental health leaves millions without access to services,0.0,0
2020,10,5,"COVID-19 disrupting mental health services in most countries, WHO survey",0.18013386420431646,1
2020,10,1,"World leaders, celebrities to join WHO’s Big Event for Mental Health on 10 October",0.0,0
2020,10,1,The best time to prevent the next pandemic is now: countries join voices for better emergency preparedness,0.42188242899854467,1
2020,09,30,"UN welcomes nearly $1 billion in recent pledges - to bolster access to lifesaving tests, treatments and vaccines to end COVID-19",0.11773821434942328,1
2020,09,29,WHO to investigate allegations of sexual exploitation and abuse in Ebola response in the Democratic Republic of the Congo,0.0,0
2020,09,28,"Global partnership to make available 120 million affordable, quality COVID-19 rapid tests for low- and middle-income countries",0.10747518461668402,1
2020,09,23,Managing the COVID-19 infodemic: Promoting healthy behaviours and mitigating the harm from misinformation and disinformation,0.11705668288209477,1
2020,09,23,COVID-19 pandemic: countries urged to take stronger action to stop spread of harmful information,0.3474044869861427,1
2020,09,22,Tobacco responsible for 20% of deaths from coronary heart disease,0.277451410173787,1
2020,09,21,Boost for global response to COVID-19 as economies worldwide formally sign up to COVAX facility,0.14546961049055987,1
2020,09,18,WHO and UNICEF recommit to accelerating health and well-being at all ages,0.0,0
2020,09,17,Keep health workers safe to keep patients safe: WHO,0.0,0
2020,09,15,WHO’s three messages for UNGA75,0.0,0
2020,09,10,Statement from the first ACT-Accelerator Facilitation Council meeting,0.0,0
2020,09,10,Coronavirus Global Response: Access to COVID-19 Tools-Accelerator Facilitation Council holds inaugural meeting,0.4062789580229057,1
2020,09,9,"COVID-19 could reverse decades of progress toward eliminating preventable child deaths, agencies warn",0.12827354821613854,1
2020,09,9,More than 3 billion people protected from harmful trans fat in their food,0.0,0
2020,09,8,WHO calls for global action on sepsis - cause of 1 in 5 deaths worldwide,0.0,0
2020,09,1,WHO Information Notice for Users 2020/4,0.0,0
2020,08,31,"In WHO global pulse survey, 90% of countries report disruptions to essential health services since COVID-19 pandemic",0.3448538318132117,1
2020,08,27,World Mental Health Day: an opportunity to kick-start a massive scale-up in investment in mental health,0.0,0
2020,08,25,Global polio eradication initiative applauds WHO African region for wild polio-free certification,0.0,0
2020,08,24,172 countries and multiple candidate vaccines engaged in COVID-19 vaccine Global Access Facility,0.13834173811298833,1
2020,08,19,World Humanitarian Day 2020: A tribute to aid workers on the front lines,0.0,0
2020,08,14,"INCB, WHO and UNODC statement on access to internationally controlled medicines during COVID-19 pandemic",0.3779033084351897,1
2020,08,13,"2 in 5 schools around the world lacked basic handwashing facilities prior to COVID-19 pandemic — UNICEF, WHO",0.33482917531126966,1
2020,08,7,WHO Information Notice for Users 2020/3,0.0,0
2020,08,7,73rd World Health Assembly Decisions,0.0,0
2020,08,5,"Plane carrying WHO trauma and surgical supplies arrives in Beirut, Lebanon",0.0,0
2020,08,1,COVID-19 Emergency Committee highlights need for response efforts over long term,0.41227942977633625,1
2020,08,1,Statement on the fourth meeting of the International Health Regulations (2005) Emergency Committee regarding the outbreak of coronavirus disease (COVID-19),1.301756938889467,1
2020,07,31,World Breastfeeding Week 2020 Message,0.0,0
2020,07,27,WHO statement on heated tobacco products and the US FDA decision regarding IQOS,0.0,0
2020,07,27,World Hepatitis Day: fast-tracking the elimination of hepatitis B among mothers and children,0.0,0
2020,07,22,New COVID-19 Law Lab to provide vital legal information and support for the global COVID-19 response,0.24697319848788074,1
2020,07,16,WHO Director-General pays tribute to Spain’s sacrifices and leadership to confront COVID-19,0.1302152918420119,1
2020,07,15,More than 150 countries engaged in COVID-19 vaccine global access facility,0.16899965796850983,1
2020,07,15,WHO and UNICEF warn of a decline in vaccinations during COVID-19,0.19738193164788154,1
2020,07,13,"As more go hungry and malnutrition persists, achieving Zero Hunger by 2030 in doubt, UN report warns",0.0,0
2020,07,9,Independent evaluation of global COVID-19 response announced,0.18831127352043292,1
2020,07,7,WHO experts to travel to China,0.0,0
2020,07,6,WHO: access to HIV medicines severely impacted by COVID-19 as AIDS response stalls,0.14322747537132202,1
2020,07,4,WHO discontinues hydroxychloroquine and lopinavir/ritonavir treatment arms for COVID-19,0.1375572569460617,1
2020,06,29,Listings of WHO’s response to COVID-19,0.26781102864649114,1
2020,06,29,8th TRIAD Meeting: Statement,0.0,0
2020,06,26,Final Statement on the 8th meeting of the International Health Regulations (2005),0.0,0
2020,06,26,ACT-Accelerator update,0.0,0
2020,06,25,10th Ebola outbreak in the Democratic Republic of the Congo declared over; vigilance against flare-ups and support for survivors must continue,0.22582054095792972,1
2020,06,23,IOC joins forces with WHO and the United Nations to fight COVID-19,0.16125653895174746,1
2020,06,23,Statement of the twenty-fifth polio IHR Emergency Committee,0.35407856978896696,1
2020,06,22,The World Health Organization reminds public to remain vigilant through Mr Bean’s Essential COVID-19 Checklist,0.12002566180382891,1
2020,06,18,"Countries failing to prevent violence against children, agencies warn",0.0,0
2020,06,18,"Luxembourg and WHO sign new Memorandum of Understanding, committing flexible funding to support WHO Triple billion targets",0.0,0
2020,06,16,WHO welcomes preliminary results about dexamethasone use in treating critically ill COVID-19 patients,0.1226680435720456,1
2020,06,13,"A cluster of COVID-19 in Beijing, People’s Republic of China",0.1744506430667005,1
2020,06,4,WHO welcomes crucial new funding for vaccines,0.0,0
2020,06,2,"Statement from Dr Mike Ryan, Executive Director, WHO Health Emergencies Programme at the Yemen High-level Pledging Conference",0.0,0
2020,06,1,New Ebola outbreak detected in northwest Democratic Republic of the Congo; WHO surge team supporting the response,0.24604914196866176,1
2020,06,1,Record number of countries contribute data revealing disturbing rates of antimicrobial resistance,0.0,0
2020,06,1,Compulsory drug detention and rehabilitation centres,0.0,0
2020,06,1,COVID-19 significantly impacts health services for noncommunicable diseases,0.1704460008098682,1
2020,05,29,Stop tobacco industry exploitation of children and young people,0.0,0
2020,05,29,International community rallies to support open research and science to fight COVID-19,0.1432755205842755,1
2020,05,28,COVID-19 intensifies the urgency to expand sustainable energy solutions worldwide,0.1379791620359654,1
2020,05,27,"Countries failing to stop harmful marketing of breast-milk substitutes, warn WHO and UNICEF",0.0,0
2020,05,27,WHO Foundation Established to Support Critical Global Health Needs,0.0,0
2020,05,27,"The World Health Organization, UN Foundation and Illumination partner on health messages",0.0,0
2020,05,26,"FIFA, European Commission and World Health Organization launch #SafeHome campaign to support those at risk from domestic violence",0.0,0
2020,05,22,"At least 80 million children under one at risk of diseases such as diphtheria, measles and polio as COVID-19 disrupts routine vaccination efforts, warn Gavi, WHO and UNICEF",0.1071346712103272,1
2020,05,21,"WHO and UNHCR join forces to improve health services for refugees, displaced and stateless people",0.0,0
2020,05,21,Smithsonian Science Education Center With Support of the World Health Organization Launches New COVID-19 Guide for Youth,0.12225256352074212,1
2020,05,19,Historic health assembly ends with global commitment to COVID-19 response,0.18158015332498198,1
2020,05,16,WHO and International Olympic Committee team up to improve health through sport,0.0,0
2020,05,15,WHO and Costa Rica preview technology pooling initiative to ensure access to COVID-19 health products for all,0.1254955839312617,1
2020,05,14,Substantial investment needed to avert mental health crisis,0.0,0
2020,05,13,Joint statement on Libya,0.0,0
2020,05,13,WHO: People living longer and healthier lives but COVID-19 threatens to throw progress off track,0.12815853474041816,1
2020,05,13,Launch of the WHO Academy and the WHO Info mobile applications,0.0,0
2020,05,13,"UNODC, WHO, UNAIDS and OHCHR joint statement on COVID-19 in prisons and other closed settings",0.13390684476894776,1
2020,05,11,The cost of inaction: COVID-19-related service disruptions could cause hundreds of thousands of extra deaths from HIV,0.10968214982587628,1
2020,05,11,WHO statement: Tobacco use and COVID-19,0.2855353561281737,1
2020,05,11,ECOSOC Informal Briefing on 'Joining Forces: Effective Policy Solutions for Covid-19 Response',0.12457342157785048,1
2020,05,9,WHO Statement on false allegations in Der Spiegel,0.0,0
2020,05,8,"Commemorating Smallpox Eradication – a legacy of hope, for COVID-19 and other diseases",0.14826776362166974,1
2020,05,8,UN issues a stamp to commemorate the 40th anniversary of the eradication of smallpox,0.0,0
2020,05,7,Medical Product Alert N°5/2020: Falsified and contaminated Defibrotide,0.0,0
2020,05,1,Billions worldwide living with herpes,0.0,0
2020,05,1,Statement on the third meeting of the International Health Regulations (2005) Emergency Committee regarding the outbreak of coronavirus disease (COVID-19),1.388055762783673,1
2020,05,1,WHO and European Investment Bank strengthen efforts to combat COVID-19 and build resilient health systems to face future pandemics,0.11290365359382169,1
2020,04,27,Archived: WHO Timeline - COVID-19,0.22406942774240646,1
2020,04,24,"Global leaders unite to ensure everyone everywhere can access new vaccines, tests and treatments for COVID-19",0.16128655947249942,1
2020,04,24,Commitment and call to action: Global collaboration to accelerate new COVID-19 health technologies,0.17808026913935948,1
2020,04,23,"WHO reports fivefold increase in cyber attacks, urges vigilance",0.0,0
2020,04,23,WHO urges countries to move quickly to save lives from malaria in sub-Saharan Africa,0.0,0
2020,04,23,"Hard fought gains in immunization coverage at risk without critical health services, warns WHO",0.0,0
2020,04,22,"A Joint Statement on medical certificates of seafarers, ship sanitation certificates and medical care of seafarers in the context of the COVID-19 pandemic",0.23490648893652227,1
2020,04,22,WHO Information Notice for Users 2020/2,0.0,0
2020,04,20,WHO guidance helps detect iron deficiency and protect brain development,0.0,0
2020,04,20,Statement by the Malaria Policy Advisory Committee on the report of the Strategic Advisory Group on Malaria Eradication,0.0,0
2020,04,20,ITU-WHO Joint Statement: Unleashing information technology to defeat COVID-19,0.15507035882786763,1
2020,04,20,Joint statement by WTO Director-General Roberto Azevêdo and WHO Director-General Tedros Adhanom Ghebreyesus,0.0,0
2020,04,20,UN agencies issue urgent call to fund the global emergency supply system to fight COVID-19,0.40328774870767325,1
2020,04,14,WHO Director-General’s statement on the 7th meeting of IHR Emergency Committee on Ebola virus disease in the Democratic Republic of the Congo,0.7714914158319708,1
2020,04,14,Statement on the 7th meeting of the International Health Regulations (2005) Emergency Committee for Ebola virus disease in the Democratic Republic of the Congo on 14 April 2020,0.6551780784268867,1
2020,04,14,First UN solidarity flight departs Addis Ababa carrying vital COVID-19 medical supplies to all African nations,0.11265075992246432,1
2020,04,13,Public statement for collaboration on COVID-19 vaccine development,0.2200950505776806,1
2020,04,10,New Ebola case confirmed in the Democratic Republic of the Congo,0.0,0
2020,04,9,Children’s story book released to help children and young people cope with COVID-19,0.12756869943511673,1
2020,04,9,Medical Product Alert N°4/2020: Falsified Chloroquine (Update),0.0,0
2020,04,8,Joint Leaders' statement - Violence against children: A hidden crisis of the COVID-19 pandemic,0.4241451318161071,1
2020,04,8,Statement of the Twenty-Fourth IHR Emergency Committee,0.39769822645205166,1
2020,04,7,Civil Society Briefing in Observance of World Health Day 2020,0.0,0
2020,04,7,WHO and partners call for urgent investment in nurses,0.0,0
2020,04,6,WHO and Global Citizen announce: 'One World: Together at home' Global Special to support healthcare workers in the fight against the COVID-19 pandemic,0.3145180634514948,1
2020,04,6,#BeActive for the UN International Day of Sport for Development and Peace,0.0,0
2020,04,3,WHO and UNICEF to partner on pandemic response through COVID-19 Solidarity Response Fund,0.4082647385020719,1
2020,04,2,"IPA, WHO and UNICEF launch Read the World on International Children’s Book Day to support children and young people in isolation",0.0,0
2020,03,31,"OHCHR, IOM, UNHCR and WHO joint press release: the rights and health of refugees, migrants and stateless must be protected in COVID-19 response",0.11087683822642008,1
2020,03,31,"Medical Product Alert N°3/2020: Falsified medical products that claim to prevent, detect, treat or cure COVID-19",0.11762328699220002,1
2020,03,30,"Joint Statement by QU Dongyu, Tedros Adhanom Ghebreyesus and Roberto Azevedo, Directors-General of the Food and Agriculture Organization of the United Nations (FAO), the World Health Organization (WHO) and the World Trade Organization (WTO)",0.0,0
2020,03,30,WHO releases guidelines to help countries maintain essential health services during the COVID-19 pandemic,0.39034052737189495,1
2020,03,29,Information sharing on COVID-19,0.2585251504167781,1
2020,03,27,Medical Product Alert N°2/2020: Falsified HIV rapid diagnostic tests,0.0,0
2020,03,26,"WHO Director-General calls on G20 to Fight, Unite, and Ignite against COVID-19",0.16073400710172783,1
2020,03,24,New WHO recommendations to prevent tuberculosis aim to save millions of lives,0.0,0
2020,03,23,Pass the message: Five steps to kicking out coronavirus,0.33931157867745043,1
2020,03,16,ICC-WHO Joint Statement: An unprecedented private sector call to action to tackle COVID-19,0.1441883900112435,1
2020,03,13,"WHO, UN Foundation and partners launch first-of-its-kind COVID-19 Solidarity Response Fund",0.16091247013278998,1
2020,03,10,"COVID-19: IFRC, UNICEF and WHO issue guidance to protect children and support safe school operations",0.13311867855927648,1
2020,03,9,Medical Product Alert N° 1/2020: Falsified antimalarials displaying an outdated WHO Essential Drugs Programme logo,0.0,0
2020,03,8,Joint statement from the Kingdom of Saudi Arabia and WHO on combating novel coronavirus,0.28053856492789475,1
2020,03,7,WHO statement on cases of COVID-19 surpassing 100 000,0.176331418365572,1
2020,03,6,"End in sight, but flare-ups likely in the Ebola outbreak in the Democratic Republic of the Congo",0.2594185065922705,1
2020,03,3,Shortage of personal protective equipment endangering health workers worldwide,0.0,0
2020,03,1,UN releases US$15 million to help vulnerable countries battle the spread of the coronavirus,0.2734220000349367,1
2020,02,27,A Joint Statement on Tourism and COVID-19 - UNWTO and WHO Call for Responsibility and Coordination,0.15395395454724065,1
2020,02,24,France pledges US$100 million (€90 million) for WHO Academy,0.0,0
2020,02,19,World failing to provide children with a healthy life and a climate fit for their future: WHO-UNICEF-Lancet,0.0,0
2020,02,14,Four countries in the African region license vaccine in milestone for Ebola prevention,0.0,0
2020,02,13,WHO Information Notice for Users 2020/1,0.0,0
2020,02,13,"Remarks by Dr Michael Ryan, Executive Director, WHO Health Emergencies Programme at media briefing on COVID-19 on 13 February 2020",0.10790949235299557,1
2020,02,12,World experts and funders set priorities for COVID-19 research,0.16582893342973298,1
2020,02,12,Statement on the meeting of the International Health Regulations (2005) Emergency Committee for Ebola virus disease in the Democratic Republic of the Congo on 12 February 2020,0.7044377873219039,1
2020,02,10,WHO and FIND formalize strategic collaboration to drive universal access to essential diagnostics,0.0,0
2020,02,6,WHO to accelerate research and innovation for new coronavirus,0.39152657804300883,1
2020,02,6,Female Genital Mutilation Hurts Women and Economies,0.0,0
2020,02,6,Unleashing Youth Power: A Decade of Accelerating Actions Towards Zero Female Genital Mutilation,0.0,0
2020,02,5,US$675 million needed for new coronavirus preparedness and response global plan,0.320435251536016,1
2020,02,4,WHO outlines steps to save 7 million lives from cancer,0.0,0
2020,02,3,WHO Executive Board appoints directors for Africa and Europe,0.0,0
2020,01,31,Medical Product Alert N° 8/2019: Falsified Rabies Vaccines and Anti-Rabies Serum,0.0,0
2020,01,30,Statement on the second meeting of the International Health Regulations (2005) Emergency Committee regarding the outbreak of novel coronavirus (2019-nCoV),0.7384701736578703,1
2020,01,28,Medical Product Alert N°5/2019: Falsified Meningitis vaccines,0.0,0
2020,01,28,"WHO, China leaders discuss next steps in battle against coronavirus outbreak",0.6343253658402248,1
2020,01,24,WHO mourns passing of Dr Peter Salama,0.0,0
2020,01,24,Messages for World Leprosy Day 2020,0.0,0
2020,01,23,Guided self-help intervention reduces refugees’ psychological distress and improves wellbeing in humanitarian crises,0.0,0
2020,01,23,Statement on the first meeting of the International Health Regulations (2005) Emergency Committee regarding the outbreak of novel coronavirus (2019-nCoV),0.7765499802965643,1
2020,01,20,Smoking greatly increases risk of complications after surgery,0.0,0
2020,01,17,From political commitment to concrete reality: moving ahead on UHC in 2020,0.0,0
2020,01,17,Lack of new antibiotics threatens global efforts to contain drug-resistant infections,0.0,0
2020,01,13,WHO statement on novel coronavirus in Thailand,0.4378387772175502,1
2020,01,7,Statement of the Twenty-Third IHR Emergency Committee Regarding the International Spread of Poliovirus,0.27383347065710933,1
2020,01,6,Ministry of Health Lauds Partners for Support during Ebola Preparedness Response in Uganda,0.0,0
2022,12,30,WHO meets with Chinese officials on current COVID-19 situation,0.15407289011865255,1
2022,12,28,Statement by Principals of the Inter-Agency Standing Committee on Afghanistan: Women’s participation in aid delivery must continue,0.0,0
2022,12,27,Medical Product Alert N°8/2022: Substandard (contaminated) METHOTREX 50mg,0.0,0
2022,12,14,"Accelerated action needed to ensure safe drinking-water, sanitation and hygiene for all",0.0,0
2022,12,13,"World Health Organization names Sir Jeremy Farrar as Chief Scientist, Dr Amelia Latu Afuhaamango Tuipulotu as Chief Nursing Officer",0.0,0
2022,12,12,WHO and football icons rally to score a goal for “Health for All” to build healthier future,0.0,0
2022,12,9,Report signals increasing resistance to antibiotics in bacterial infections in humans and need for better data,0.0,0
2022,12,9,FIFA and WHO to mark International Human Rights Day with anti-discrimination message,0.0,0
2022,12,9,Ebola trial candidate vaccines arrive in Uganda in record 79 days after outbreak declared,0.23827666798766556,1
2022,12,8,"Despite continued impact of COVID-19, malaria cases and deaths remained stable in 2021",0.13167151944405486,1
2022,12,8,World Health Organization Director-General meets with KSrelief Supervisor General H.E Dr Abdullah Al Rabeeah,0.0,0
2022,12,7,WHO Member States agree to develop zero draft of legally binding pandemic accord in early 2023,0.17294505349474712,1
2022,12,6,Economics council issues mid-term report,0.0,0
2022,12,2,The European Commission and WHO extend their strategic cooperation to deliver better health for all,0.0,0
2022,12,2,Health inequities lead to early death in many persons with disabilities,0.0,0
2022,12,1,WHO calls on the global community to equalize the HIV response,0.0,0
2022,12,1,WHO and the EU renew partnership for Universal Health Coverage,0.0,0
2022,11,29,WHO urges more effective prevention of injuries and violence causing 1 in 12 deaths worldwide,0.0,0
2022,11,28,WHO recommends new name for monkeypox disease,0.46163782011997484,1
2022,11,25,Quadripartite welcomes new political commitments in fight against antimicrobial resistance,0.0,0
2022,11,23,Nearly 40 million children are dangerously susceptible to growing measles threat,0.0,0
2022,11,21,WHO to identify pathogens that could cause future outbreaks and pandemics,0.0,0
2022,11,19,Digital app released to boost physical activity – and help get children moving,0.0,0
2022,11,18,Quadripartite launches a new platform to tackle antimicrobial resistance threat to human and animal health and ecosystems,0.0,0
2022,11,18,WHO highlights oral health neglect affecting nearly half of the world’s population,0.0,0
2022,11,17,FIFA World Cup™ players to #BringTheMoves and encourage kids to exercise,0.0,0
2022,11,15,WHO advises immediate skin to skin care for survival of small and preterm babies,0.0,0
2022,11,15,FAO/WHO Joint Media Advisory: Codex Alimentarius Commission,0.0,0
2022,11,9,WHO releases first data on global vaccine market since COVID-19,0.20135778061263968,1
2022,11,6,Health must be front and centre in the COP27 climate change negotiations,0.0,0
2022,11,3,"Act now: migrant inclusion in climate action is an obligation, not an option",0.0,0
2022,11,3,Global health agencies outline plan to support Ugandan government-led response to outbreak of ebola virus disease,0.7298614977196315,1
2022,11,2,Medical Product Alert N°7/2022: Substandard (contaminated) paediatric liquid dosage medicines,0.0,0
2022,11,1,Statement of the Thirty-third Polio IHR Emergency Committee,0.3455585141140946,1
2022,11,1,Third meeting of the International Health Regulations (2005) (IHR) Emergency Committee regarding the multi-country outbreak of monkeypox,0.523494545557944,1
2022,10,28,WHO launches the 4th Health for All Film Festival,0.0,0
2022,10,28,ACT-Accelerator launches six month plan as world transitions to long-term COVID-19 control,0.13213767209958174,1
2022,10,27,TAG-VE statement on Omicron sublineages BQ.1 and XBB,0.0,0
2022,10,27,Tuberculosis deaths and disease increase during the COVID-19 pandemic,0.8894886425994774,1
2022,10,21,World Health Organization (WHO) response to the External Evaluation of the Access to COVID-19 Tools Accelerator (ACT-A),0.1510242791020405,1
2022,10,19,WHO highlights high cost of physical inactivity in first-ever global report,0.0,0
2022,10,19,"Shortage of cholera vaccines leads to temporary suspension of two-dose strategy, as cases rise worldwide",0.0,0
2022,10,18,Global leaders commit US$ 2.6 billion at World Health Summit to end polio,0.0,0
2022,10,18,Statement on the thirteenth meeting of the International Health Regulations (2005) Emergency Committee regarding the coronavirus disease (COVID-19) pandemic,1.191806817531682,1
2022,10,18,Parliamentarians commit to support global health,0.0,0
2022,10,18,"Staggering backsliding across women’s, children’s and adolescents’ health revealed in new UN analysis",0.0,0
2022,10,17,UNICEF and WHO welcome KSrelief funding for measles and polio epidemics prevention,0.0,0
2022,10,17,"One Health Joint Plan of Action launched to address health threats to humans, animals, plants and environment",0.0,0
2022,10,16,Henrietta Lacks’ family appointed World Health Organization Goodwill Ambassadors for Cervical Cancer Elimination,0.0,0
2022,10,16,International Association of National Public Health Institutes partners with WHO,0.0,0
2022,10,10,"Unique Friendship Benches initiative inaugurated to promote mental health, featuring competing FIFA World Cup nations",0.0,0
2022,10,5,Medical Product Alert N°6/2022: Substandard (contaminated) paediatric medicines,0.0,0
2022,09,28,WHO and ILO call for new measures to tackle mental health issues at work,0.0,0
2022,09,27,Joint statement of the United States of America and the World Health Organization on the U.S.-WHO strategic dialogue,0.0,0
2022,09,23,New recommendations for the composition of influenza vaccines in 2023 for the southern hemisphere,0.0,0
2022,09,22,"No time for COVID-19 complacency, say key countries responsible for tracking global rollout of COVID-19 vaccines, tests and treatments",0.22732903511391928,1
2022,09,21,Heads of State commit to Noncommunicable Disease Global Compact to save 50 million lives by 2030,0.22803227608745633,1
2022,09,17,WHO Director-General's statement on Pakistan – 17 September 2022,0.0,0
2022,09,16,WHO calls for urgent action by countries for achieving Medication Without Harm,0.0,0
2022,09,15,WHO responds to The Lancet COVID-19 Commission,0.20512225371722428,1
2022,09,13,World Health Summit 2022: Press accreditation now open,0.0,0
2022,09,9,"New fund for pandemic prevention, preparedness and response formally established",0.2480824183640438,1
2022,08,30,"Half of health care facilities globally lack basic hygiene services – WHO, UNICEF",0.0,0
2022,08,30,GACVS statement regarding COVID-19 immunization errors in children,0.18623046568185825,1
2022,08,25,Medical Product Alert N°5/2022: DIPRIVAN,0.0,0
2022,08,19,"WHO makes new recommendations for Ebola treatments, calls for improved access",0.0,0
2022,08,19,Medical Product Alert N°4/2022: Falsified DYSPORT,0.0,0
2022,08,12,Monkeypox: experts give virus variants new names,0.4016811469830381,1
2022,08,11,Interim statement on COVID-19 vaccination for children,0.2559413877181692,1
2022,08,2,WHO launches appeal to respond to urgent health needs in the greater Horn of Africa,0.0,0
2022,08,2,New global alliance launched to end AIDS in children by 2030,0.0,0
2022,07,31,Joint statement by UNICEF Executive Director Catherine Russell and WHO Director-General Dr Tedros Adhanom Ghebreyesus on the occasion of World Breastfeeding Week,0.0,0
2022,07,28,WHO recommends long-acting cabotegravir for HIV prevention,0.0,0
2022,07,28,WHO applauds agreement to scale-up generic manufacturing for access to long-acting injectable antiretrovirals,0.0,0
2022,07,25,WHO calls on global community to “do one thing” to save lives on World Drowning Prevention Day,0.0,0
2022,07,23,Second meeting of the International Health Regulations (2005) (IHR) Emergency Committee regarding the multi-country outbreak of monkeypox,0.49563297785076177,1
2022,07,22,WHO releases global COVID-19 vaccination strategy update to reach unprotected,0.16120265721745186,1
2022,07,21,"Pandemic instrument should be legally binding, INB meeting concludes",0.22037648166542678,1
2022,07,20,WHO report shows poorer health outcomes for many vulnerable refugees and migrants,0.0,0
2022,07,15,COVID-19 pandemic fuels largest continued backslide in vaccinations in three decades,0.3649664780426408,1
2022,07,12,Urgent call for better use of existing vaccines and development of new vaccines to tackle AMR,0.0,0
2022,07,12,Statement on the twelfth meeting of the International Health Regulations (2005) Emergency Committee regarding the coronavirus disease (COVID-19) pandemic,1.191806817531682,1
2022,07,4,WHO Director-General welcomes ACT-Accelerator fair share contributions from Norway and Sweden,0.0,0
2022,06,30,WHO intensifies response to looming health crisis in the greater Horn of Africa as food insecurity worsens,0.0,0
2022,06,30,New political declaration to halve road traffic deaths and injuries by 2030 is a milestone achievement,0.0,0
2022,06,30,"World Bank Board Approves New Fund for Pandemic Prevention, Preparedness and Response (PPR)",0.2064080350955797,1
2022,06,27,World Health Summit 2022: Registration now opened and key speakers announced,0.0,0
2022,06,25,First meeting of the International Health Regulations (2005) Emergency Committee regarding the multi-country outbreak of monkeypox,0.5462418316682933,1
2022,06,24,Statement of the Thirty-second Polio IHR Emergency Committee,0.3067750665501892,1
2022,06,23,IHR Emergency Committee regarding the multi-country outbreak of monkeypox,0.6191471349890763,1
2022,06,22,WHO statement on menstrual health and rights,0.0,0
2022,06,21,SunSmart Global UV App helps protect you from the dangers of the sun and promotes public health,0.0,0
2022,06,17,Interim statement on decision-making considerations for the use of variant updated COVID-19 vaccines,0.14279298935793802,1
2022,06,17,Interim statement on the composition of current COVID-19 vaccines,0.20741236600577545,1
2022,06,17,WHO highlights urgent need to transform mental health and mental health care,0.0,0
2022,06,16,New agreement under C-TAP aims to improve global access to COVID-19 testing technologies,0.14534231565888586,1
2022,06,16,UN humanitarian leaders call for the renewal of cross-border aid authorization to northwest Syria,0.0,0
2022,06,3,One hundred days of war has put Ukraine’s health system under severe pressure,0.0,0
2022,06,3,WHO consultation sets research priorities for monkeypox,0.0,0
2022,06,1,Interim statement on hybrid immunity and increasing population seroprevalence rates,0.0,0
2022,05,31,WHO raises alarm on tobacco industry environmental impact,0.0,0
2022,05,28,Seventy-fifth World Health Assembly – Daily update: 28 May 2022,0.0,0
2022,05,27,Seventy-fifth World Health Assembly – Daily update: 27 May 2022,0.0,0
2022,05,27,Awards for outstanding contributions to public health presented during the Seventy-fifth World Health Assembly,0.0,0
2022,05,27,Medical Product Alert N°3/2022: Falsified Intratect (Human normal immunoglobulin),0.0,0
2022,05,26,Seventy-fifth World Health Assembly – Daily update: 26 May 2022,0.0,0
2022,05,26,"Report by Mr Bjӧrn Kümmel, Chair of the WHO Sustainable Financing Working Group, to the Seventy-five World Health Assembly",0.0,0
2022,05,25,Seventy-fifth World Health Assembly – Daily update: 25 May 2022,0.0,0
2022,05,24,World Health Assembly agrees historic decision to sustainably finance WHO,0.0,0
2022,05,24,World Health Assembly re-elects Dr Tedros Adhanom Ghebreyesus to second term as WHO Director-General,0.0,0
2022,05,24,Seventy-fifth World Health Assembly – Daily update: 24 May 2022,0.0,0
2022,05,23,ACT-Accelerator Facilitation Council co-chairs welcome financial and policy commitments made at the Second Global COVID-19 Summit,0.1206411172252394,1
2022,05,22,WHO Director-General announces Global Health Leaders Awards,0.0,0
2022,05,20,WHO working closely with countries responding to monkeypox,0.0,0
2022,05,20,COVAX calls for urgent action to close vaccine equity gap,0.0,0
2022,05,19,WHO validates 11th vaccine for COVID-19,0.21730324335007525,1
2022,05,18,Incentivizing collaboration towards the health-related Sustainable Development Goals,0.0,0
2022,05,17,Interim statement on the use of additional booster doses of Emergency Use Listed mRNA vaccines against COVID-19,0.3292608746186042,1
2022,05,17,"Seventy-fifth World Health Assembly to focus on “Health for Peace, Peace for Health” for recovery and renewal",0.0,0
2022,05,17,Statement for healthcare professionals: How COVID-19 vaccines are regulated for safety and effectiveness (Revised March 2022),0.1261163553720794,1
2022,05,16,"Almost one billion children and adults with disabilities and older persons in need of assistive technology denied access, according to new report",0.0,0
2022,05,16,WHO Results Report shows global health achievements despite COVID-19 pandemic,0.402788080107304,1
2022,05,13,WHO announces winners at the awards ceremony of the 3rd Health for All Film Festival,0.0,0
2022,05,12,WHO and MPP announce agreement with NIH for COVID-19 health technologies,0.17078391807056834,1
2022,05,10,World leaders urged to make firm commitments at Second Global COVID-19 Summit by ACT-Accelerator agency leads,0.12075810171724953,1
2022,05,10,WHO highlights glaring gaps in regulation of alcohol marketing across borders,0.0,0
2022,05,8,WHO delivers 20 ambulances to Ukraine,0.0,0
2022,05,6,WHO launches first ever global report on infection prevention and control,0.0,0
2022,05,5,14.9 million excess deaths associated with the COVID-19 pandemic in 2020 and 2021,0.3795175060645405,1
2022,04,29,Quadripartite Memorandum of Understanding (MoU) signed for a new era of One Health collaboration,0.0,0
2022,04,28,WHO reveals shocking extent of exploitative formula milk marketing,0.0,0
2022,04,27,"UNICEF and WHO warn of perfect storm of conditions for measles outbreaks, affecting children",0.0,0
2022,04,22,WHO recommends highly successful COVID-19 therapy and calls for wide geographical distribution and transparency from originator,0.11151356729426387,1
2022,04,21,Over 1 million African children protected by first malaria vaccine,0.0,0
2022,04,19,Delivering on the G20 Leaders commitment to build an equitable and effective Financial Intermediary Fund (FIF) for Pandemic Preparedness and Response (PPR),0.15880473855102759,1
2022,04,14,General Assembly adopts consensus resolution welcoming 2022 World Cup football championship hosted by Qatar as first to be held in Middle East,0.0,0
2022,04,13,Statement on the eleventh meeting of the International Health Regulations (2005) Emergency Committee regarding the coronavirus disease (COVID-19) pandemic,1.191806817531682,1
2022,04,12,"WHO, Ghana and Norway agree to accelerate actions to save lives in first International Strategic Dialogue on Noncommunicable Diseases and the Sustainable Development Goals",0.0,0
2022,04,11,One-dose Human Papillomavirus (HPV) vaccine offers solid protection against cervical cancer,0.0,0
2022,04,7,WHO records 100th attack on health care in Ukraine,0.0,0
2022,04,6,WHO urges accelerated action to protect human health and combat the climate crisis at a time of heightened conflict and fragility,0.0,0
2022,04,4,Billions of people still breathe unhealthy air: new WHO data,0.0,0
2022,04,1,"WHO, Qatar, FIFA leaders agree actions to promote health at FIFA World Cup Qatar 2022™",0.0,0
2022,03,31,Indian manufacturer new recipient of mRNA technology through the mRNA technology transfer hub,0.0,0
2022,03,30,Egypt and Nigeria medicines regulators achieve high maturity level in WHO classification and WHO launches list of regulatory authorities that meet international standards,0.0,0
2022,03,30,WHO releases 10-year strategy for genomic surveillance of pathogens,0.0,0
2022,03,25,WHO establishes the Global Centre for Traditional Medicine in India,0.0,0
2022,03,21,On World TB day WHO calls for increased investments into TB services and research,0.0,0
2022,03,18,UN Environment Programme joins alliance to implement One Health approach,0.0,0
2022,03,16,"WHO announces Film Festival 3rd edition shortlist and jury, including Sharon Stone, Emilia Clarke, Mia Maestro, Anita Abada, Eddie Ndopu and Dr. Eckart von Hirschhausen",0.0,0
2022,03,16,Risk of medication errors with tranexamic acid injection resulting in inadvertent intrathecal injection,0.0,0
2022,03,13,Stop attacks on health care in Ukraine,0.0,0
2022,03,11,Statement of the Thirty-first Polio IHR Emergency Committee,0.3455585141140946,1
2022,03,9,Medical Product Alert N°2/2022: Falsified DESREM (Remdesivir),0.0,0
2022,03,8,"Interim statement on COVID-19 vaccines in the context of the circulation of the Omicron SARS-CoV-2 variant from the WHO Technical Advisory Group on COVID-19 Vaccine Composition (TAG-CO-VAC), 08 March 2022",0.18924091025229983,1
2022,03,7,Act now to save lives and prevent migrants from going missing,0.0,0
2022,03,7,"Eighth Meeting of the Multilateral Leaders Task Force on COVID-19, 1 March 2022: ""Third Consultation with the CEOs of leading vaccine manufacturers""",0.1136380844184933,1
2022,03,7,Joint statement on the prioritization of monitoring SARS-CoV-2 infection in wildlife and preventing the formation of animal reservoirs,0.0,0
2022,03,4,World Obesity Day 2022 – Accelerating action to stop obesity,0.0,0
2022,03,3,WHO updates its treatment guidelines to include molnupiravir,0.0,0
2022,03,3,WHO and MPP welcome NIH’s offer of COVID-19 health technologies to C-TAP,0.14783411346025307,1
2022,03,2,COVID-19 pandemic triggers 25% increase in prevalence of anxiety and depression worldwide,0.33492772486132477,1
2022,03,1,ACT-Accelerator welcomes Germany’s generous ‘fair share’ commitment,0.0,0
2022,02,27,"Dangerously low medical oxygen supplies in Ukraine due to crisis, warn WHO Director-General and WHO Regional Director for Europe",0.0,0
2022,02,25,Recommendations announced for influenza vaccine composition for the 2022-2023 northern hemisphere influenza season,0.0,0
2022,02,24,WHO Director-General: Deeply concerned over escalating health crisis in Ukraine,0.0,0
2022,02,23,"Moving forward on goal to boost local pharmaceutical production, WHO establishes global biomanufacturing training hub in Republic of Korea",0.0,0
2022,02,22,"More than half of parents and pregnant women exposed to aggressive formula milk marketing – WHO, UNICEF",0.0,0
2022,02,22,Statement on Omicron sublineage BA.2,0.0,0
2022,02,21,New WHO/ILO guide urges greater safeguards to protect health workers,0.0,0
2022,02,18,WHO announces first technology recipients of mRNA vaccine hub with strong support from African and European partners,0.0,0
2022,02,14,Lack of fuel prevents distribution of critically-needed medical supplies in Tigray region,0.0,0
2022,02,14,Enhancing collaboration for the SDGs in countries: Joint letter to the SDG3 GAP country-facing teams,0.0,0
2022,02,11,South Africa’s mRNA hub progress is foundation for self-reliance,0.0,0
2022,02,10,Statement on miltefosine - Potential ocular disorders in patients treated with miltefosine for post-kala-azar dermal leishmaniasis (PKDL),0.0,0
2022,02,9,ACT-Accelerator calls for fair share-based financing of US$ 23 billion to end pandemic as global emergency in 2022,0.37632324694649993,1
2022,02,9,"WHO, Qatar and FIFA join forces for the Healthy FIFA World Cup Qatar 2022™  - Creating Legacy for Sport and Health",0.0,0
2022,02,8,FIFA and WHO reiterate call on world to #ACTogether to end COVID-19 pandemic,0.448476627914807,1
2022,02,6,IOC and WHO reaffirm collaboration to promote vaccine equity and healthy lifestyles,0.0,0
2022,02,4,IAEA/WHO Joint Statement on Reducing Inequity in Access to Cancer Care through Rays of Hope Initiative,0.0,0
2022,02,3,Celebrating 70 years of GISRS (the Global Influenza Surveillance and Response System),0.0,0
2022,02,1,Tonnes of COVID-19 health care waste expose urgent need to improve waste management systems,0.10999129947744968,1
2022,01,30,World Neglected Tropical Diseases Day: WHO calls for equitable health services for all,0.0,0
2022,01,20,WHO publishes new global data on the use of clean and polluting fuels for cooking by fuel type,0.0,0
2022,01,19,Statement on the tenth meeting of the International Health Regulations (2005) Emergency Committee regarding the coronavirus disease (COVID-19) pandemic,1.191806817531682,1
2022,01,16,COVAX delivers its 1 billionth COVID-19 vaccine dose,0.17991956065874043,1
2022,01,14,WHO recommends two new drugs to treat COVID-19,0.20530465774929746,1
2022,01,11,WHO psychological intervention effective in preventing mental disorders among Syrian refugees in Turkey,0.0,0
2022,01,11,Interim Statement on COVID-19 vaccines in the context of the circulation of the Omicron SARS-CoV-2 Variant from the WHO Technical Advisory Group on COVID-19 Vaccine Composition (TAG-CO-VAC),0.20847233540914864,1
2022,01,10,Message for World Leprosy Day 2022,0.0,0
2023,12,27,WHO teams deliver supplies to hospitals in Northern and Southern Gaza,0.0,0
2023,12,22,Statement following the Thirty-seventh Meeting of the IHR Emergency Committee for Polio,0.2585672975059189,1
2023,12,21,Lethal combination of hunger and disease to lead to more deaths in Gaza,0.27731839042272877,1
2023,12,21,"WHO prequalifies a second malaria vaccine, a significant milestone in prevention of the disease",0.2794727109588012,1
2023,12,19,COVID-19 vaccinations shift to regular immunization as COVAX draws to a close,0.13897614947512696,1
2023,12,19,New South-South health cooperation initiative launched linking Africa and the Caribbean,0.0,0
2023,12,17,"WHO delivers health supplies to Al-Shifa Hospital, appeals for continued access to address urgent needs in north Gaza",0.0,0
2023,12,15,WHO officially recognizes noma as a neglected tropical disease,0.2876329058051517,1
2023,12,14,Urgent action needed to protect children and prevent the uptake of e-cigarettes,0.0,0
2023,12,13,"Despite notable progress, road safety remains urgent global issue",0.0,0
2023,12,13,Statement on the antigen composition of COVID-19 vaccines,0.22893614380742414,1
2023,12,12,Universal Health Coverage Day 2023 focuses on building resilience of health systems,0.0,0
2023,12,12,"WHO calls for protection of humanitarian space in Gaza following serious incidents in high-risk mission to transfer patients, deliver health supplies",0.0,0
2023,12,10,WHO’s Executive Board adopts resolution on access for life-saving aid into Gaza and respect for laws of war,0.0,0
2023,12,7,Governments continue discussions on pandemic agreement negotiating text,0.23046709943841717,1
2023,12,7,Medical Product Alert N°8/2023: Substandard (contaminated) syrup and suspension medicines,0.0,0
2023,12,2,Over 40 million health professionals demand bold health and climate action at COP28,0.0,0
2023,12,2,WHO Director-General's statement on the passing of Dr Carissa Etienne,0.0,0
2023,12,2,"41 funders, partners endorse new guiding principles for financing climate and health solutions to protect health",0.0,0
2023,11,29,WHO celebrates the role of communities in driving progress towards ending AIDS,0.0,0
2023,11,27,Global health community calls for urgent action on climate and health at COP28,0.0,0
2023,11,24,"Joint UN mission transfers critical patients from Al-Shifa Hospital in Gaza, under intense fighting",0.0,0
2023,11,23,Working Together Towards Sustainable Pesticide Management: Key Outcomes from JMPM 2023,0.0,0
2023,11,22,WHO statement on reported clusters of respiratory illness in children in northern China,0.0,0
2023,11,22,"Shipments to African countries herald final steps toward broader vaccination against malaria: Gavi, WHO and UNICEF",0.0,0
2023,11,21,WHO staff member killed in Gaza,0.0,0
2023,11,20,WHO issues new guideline to tackle acute malnutrition in children under five,0.0,0
2023,11,20,FAO/WHO Joint Media Advisory: Codex Alimentarius Commission,0.0,0
2023,11,19,WHO-led joint UN and Red Crescent mission evacuates 31 infants from Al-Shifa Hospital in Gaza,0.0,0
2023,11,18,WHO leads very high-risk joint humanitarian mission to Al-Shifa Hospital in Gaza,0.0,0
2023,11,17,Global partners cheer progress towards eliminating cervical cancer and underline challenges,0.0,0
2023,11,16,Global measles threat continues to grow as another year passes with millions of children unvaccinated,0.0,0
2023,11,15,WHO launches commission to foster social connection,0.0,0
2023,11,9,WHO unveils framework for climate resilient and low carbon health systems,0.0,0
2023,11,8,UNRWA-WHO medical supply convoy reaches Al-Shifa hospital,0.0,0
2023,11,8,"Working under the sun causes 1 in 3 deaths from non-melanoma skin cancer, say WHO and ILO",0.0,0
2023,11,7,Tuberculosis response recovering from pandemic but accelerated efforts needed to meet new targets,0.20632789882113392,1
2023,11,3,"Women and newborns bearing the brunt of the conflict in Gaza, UN agencies warn",0.0,0
2023,11,3,WHO urges investing in “One Health” actions for better health of the people and the planet,0.0,0
2023,10,21,"Joint statement by UNDP, UNFPA, UNICEF, WFP and WHO on humanitarian supplies crossing into Gaza",0.0,0
2023,10,19,"WHO releases new list of essential diagnostics; new recommendations for hepatitis E virus tests, personal use glucose meters",0.2497777244881649,1
2023,10,19,WHO outlines considerations for regulation of artificial intelligence for health,0.0,0
2023,10,17,WHO statement on attack on Al Ahli Arab Hospital and reported large-scale casualties,0.0,0
2023,10,17,"Health leaders at the WHS support WHO commitment to build climate resilient, low carbon sustainable health systems (ATACH)",0.0,0
2023,10,14,Evacuation orders by Israel to hospitals in northern Gaza are a death sentence for the sick and injured,0.0,0
2023,10,13,WHO pleads for immediate reversal of Gaza evacuation order to protect health and reduce suffering,0.0,0
2023,10,11,WHO issues global plan to tackle leading cause of death in childbirth,0.0,0
2023,10,10,WHO calls for access to health and humanitarian assistance on fourth day of conflict in Israel and the occupied Palestinian territory,0.0,0
2023,10,9,WHO-OHCHR launch new guidance to improve laws addressing human rights abuses in mental health care,0.0,0
2023,10,7,Governments make progress towards agreeing amendments to the International Health Regulations (2005),0.0,0
2023,10,2,"WHO, WADA sign memorandum of understanding to collaborate on clean, drug-free sport",0.0,0
2023,09,29,Recommended composition of influenza virus vaccines for use in the 2024 southern hemisphere influenza season,0.26458856188906016,1
2023,09,22,World leaders commit to new targets to end TB,0.0,0
2023,09,22,New analysis confirms world seeing an upsurge of cholera,0.0,0
2023,09,21,World leaders commit to redouble efforts towards universal health coverage by 2030,0.0,0
2023,09,21,Integration of HIV and SRH services yield massive results in Zimbabwe,0.0,0
2023,09,19,"UNHCR, WHO warn of deteriorating health conditions as 1200 children die of suspected measles, malnutrition in Sudan",0.0,0
2023,09,18,Billions left behind on the path to universal health coverage,0.0,0
2023,09,14,Global stakeholders agree to a new charter on patient safety rights,0.0,0
2023,09,13,INB Bureau to develop a proposal for negotiating text of the pandemic accord,0.19867012115907082,1
2023,09,4,Medical Product Alert N°7/2023: Falsified DEFITELIO (defibrotide),0.0,0
2023,08,29,WHO initiative signs new licensing agreements on COVID-19 technologies,0.1572446305746414,1
2023,08,28,Botswana National HIV Reference Laboratory designated WHO Collaborating Centre,0.0,0
2023,08,25,Statement of the Thirty-sixth Meeting of the Polio IHR Emergency Committee,0.2937946270700938,1
2023,08,24,Launch of the WHO Online Repository of Evidence-Informed Decision-Making (EIDM) Tools,0.0,0
2023,08,24,New WHO Civil Society Commission to strengthen civil society organizations’ role in accelerating progress in global health,0.0,0
2023,08,19,Q&A with E2P Summit keynote speaker Dr Salim Abdool Karim,0.0,0
2023,08,19,WHO launches a new Global Initiative on Digital Health supported by the G20 Presidency,0.0,0
2023,08,18,"Afghanistan's health system suffers critical underfunding, calls for donor support",0.0,0
2023,08,15,Statement by Principals of the Inter-Agency Standing Committee,0.0,0
2023,08,10,"WHO convenes first high-level global summit on traditional medicine to explore evidence base, opportunities to accelerate health for all",0.0,0
2023,08,7,Medical Product Alert N°6/2023: Substandard (contaminated) syrup medicines,0.0,0
2023,08,2,"Technical Advisory Group on Arbovirus (TAG) meeting, Accra, Ghana",0.0,0
2023,08,1,Joint statement by UNICEF Executive Director and WHO Director-General on the occasion of World Breastfeeding Week,0.0,0
2023,07,31,Governments hold fourth round of discussions on proposed amendments to International Health Regulations (2005),0.0,0
2023,07,31,Seven out of 10 people protected by at least one tobacco control measure,0.0,0
2023,07,31,Iraq eliminates trachoma as a public health problem,0.0,0
2023,07,28,"WHO launches “One life, one liver” campaign on World Hepatitis Day",0.0,0
2023,07,26,WHO endorses landmark public health decisions on Essential Medicines for Multiple Sclerosis,0.0,0
2023,07,25,Member States continue work on potential pandemic accord,0.23591425899757443,1
2023,07,25,WHO urges countries to invest in drowning prevention to protect children,0.0,0
2023,07,24,WHO releases new guidance to improve testing and diagnosis of sexually transmitted infections,0.0,0
2023,07,23,New WHO guidance on HIV viral suppression and scientific updates released at IAS 2023,0.0,0
2023,07,19,Medical Product Alert N°5/2023: Substandard (contaminated) syrup medicines,0.0,0
2023,07,18,"Africa CDC, WHO and RKI Launch a Health Security Partnership to Strengthen Disease Surveillance in Africa",0.22144007187413506,1
2023,07,18,Childhood immunization begins recovery after COVID-19 backslide,0.1642794373219116,1
2023,07,14,Aspartame hazard and risk assessment results released,0.0,0
2023,07,12,"122 million more people pushed into hunger since 2019 due to multiple crises, reveals UN report",0.0,0
2023,07,6,Women and girls bear brunt of water and sanitation crisis – new UNICEF-WHO report,0.0,0
2023,07,6,Launch of the WHO Online Repository of Evidence-Informed Decision-Making (EIDM) Tools,0.0,0
2023,07,5,Sudan: top UN officials sound alarm at spike in violence against women and girls,0.0,0
2023,07,5,"18 million doses of first-ever malaria vaccine allocated to 12 African countries for 2023–2025: Gavi, WHO and UNICEF",0.0,0
2023,06,29,World Health Organization (WHO) Global Evidence to Policy (E2P) Summit 2023,0.0,0
2023,06,23,Multilateral development banks and WHO launch new investment platform to strengthen primary health care services,0.0,0
2023,06,22,"WHO and Global Citizen sign partnership to promote health, fight inequity and address health-related risks of climate change",0.0,0
2023,06,22,Dr Vanessa Kerry appointed as WHO Director-General Special Envoy for Climate Change and Health,0.0,0
2023,06,21,Belize certified malaria-free by WHO,0.0,0
2023,06,20,"Women and girls hit hard by attacks on health in Sudan, UN agencies warn",0.0,0
2023,06,17,"Countries set out way forward for continued negotiations on global agreement on pandemic prevention, preparedness, and response",0.19754294376406292,1
2023,06,16,Rabat Declaration adopted to improve refugee and migrant health,0.0,0
2023,06,16,People with medical needs are “left behind in pain” reveals new report,0.0,0
2023,06,15,Small islands agree bold plan of action on noncommunicable diseases and mental health,0.0,0
2023,06,14,WHO’s Global Neglected Tropical Diseases Programme Partners’ Meeting ends with stirring call for worldwide action,0.0,0
2023,06,13,IOC and WHO launch Let's Move campaign on Olympic Day to inspire and enable the world to move for better health,0.0,0
2023,06,9,"Global Neglected Tropical Diseases Programme Partners’ Meeting, 12–13 June 2023",0.0,0
2023,06,8,WHO and the Global Fund announce commitment for enhanced collaboration,0.0,0
2023,06,6,WHO announces winners of the 4th Health for All Film Festival,0.0,0
2023,06,6,"Basic energy access lags amid renewable opportunities, new report shows",0.0,0
2023,06,5,The European Commission and WHO launch landmark digital health initiative to strengthen global health security,0.0,0
2023,05,30,Seventy-sixth World Health Assembly – Daily update: 30 May 2023,0.0,0
2023,05,29,Seventy-sixth World Health Assembly – Daily update: 29 May 2023,0.0,0
2023,05,27,Seventy-sixth World Health Assembly – Daily update: 27 May 2023,0.0,0
2023,05,26,Seventy-sixth World Health Assembly – Daily update: 26 May 2023,0.0,0
2023,05,26,Awards for outstanding contributions to public health presented during the Seventy-sixth World Health Assembly,0.0,0
2023,05,26,WHO and Republic of Korea sign landmark agreement to boost biomanufacturing capacity,0.0,0
2023,05,25,Seventy-sixth World Health Assembly – Daily update: 25 May 2023,0.0,0
2023,05,24,Seventy-sixth World Health Assembly – Daily update: 24 May 2023,0.0,0
2023,05,24,FIFA and WHO extend collaboration to promote health through football,0.0,0
2023,05,23,Seventy-sixth World Health Assembly – Daily update: 23 May 2023,0.0,0
2023,05,23,Landmark report charts route for reorienting economies to deliver health for all,0.0,0
2023,05,23,Renowned artists Renée Fleming and Pretty Yende appointed as WHO Goodwill Ambassadors for Arts and Health,0.0,0
2023,05,22,Seventy-sixth World Health Assembly – Daily update: 22 May 2023,0.0,0
2023,05,20,WHO launches global network to detect and prevent infectious disease threats,0.2716357136999955,1
2023,05,19,Urgent action needed to tackle stalled progress on health-related Sustainable Development Goals,0.0,0
2023,05,18,Statement on the antigen composition of COVID-19 vaccines,0.22893614380742414,1
2023,05,18,WHO Director-General announces Global Health Leaders Awards,0.0,0
2023,05,16,WHO congratulates Benin and Mali for eliminating trachoma as a public health problem,0.0,0
2023,05,12,Statement of the thirty-fifth Polio IHR Emergency Committee,0.3098635840264469,1
2023,05,11,Fifth Meeting of the International Health Regulations (2005) (IHR) Emergency Committee on the Multi-Country Outbreak of mpox (monkeypox),0.47826242636865623,1
2023,05,9,152 million babies born preterm in the last decade,0.0,0
2023,05,5,Statement on the fifteenth meeting of the IHR (2005) Emergency Committee on the COVID-19 pandemic,0.7461622977835326,1
2023,05,5,UAE and WHO deliver air lift of critical medical supplies to Sudan,0.0,0
2023,05,3,Quadripartite welcomes OHHLEP’s new white paper on zoonotic spillover prevention,0.0,0
2023,05,3,Collaborating locally is key for progress globally towards health-related SDGs,0.0,0
2023,05,2,New survey results show health systems starting to recover from pandemic,0.23755963492109433,1
2023,05,2,Statement on the risks associated with use of valproic acid (sodium valproate) in women and girls of childbearing potential,0.0,0
2023,04,26,Statement of celebration for HRP’s 50th anniversary: Sweden and the United Kingdom of Great Britain and Northern Ireland,0.0,0
2023,04,26,WHO launches new initiative to improve pandemic preparedness,0.3148412503826262,1
2023,04,25,WHO urges increased implementation of recommended tools to combat malaria,0.0,0
2023,04,25,Medical Product Alert N°4/2023: Substandard (contaminated) syrup medicines,0.0,0
2023,04,24,Global partners announce a new effort – “The Big Catch-up” – to vaccinate millions of children and restore immunization progress lost during the pandemic,0.16480546053152195,1
2023,04,21,Governments hold third round of discussions on proposed amendments to the International Health Regulations (2005),0.0,0
2023,04,20,WHO releases the largest global collection of health inequality data,0.0,0
2023,04,20,mRNA Technology Transfer Programme moves to the next phase of its development,0.0,0
2023,04,17,Key leadership appointments made to drive WHO strategic direction and initiatives,0.0,0
2023,04,12,Advisory Committee on Safety of Medicinal Products (ACSoMP): Measures to minimize the risk of ocular adverse events with miltefosine,0.0,0
2023,04,11,Medical Product Alert N°3/2023: Falsified DEFITELIO (defibrotide sodium),0.0,0
2023,04,6,WHO announces Health for All Film Festival shortlist and jury,0.0,0
2023,04,4,1 in 6 people globally affected by infertility: WHO,0.0,0
2023,04,3,WHO celebrates 75th anniversary and calls for health equity in face of unprecedented threats,0.0,0
2023,04,3,WHO convenes the Fifth Global Forum on Human Resources for Health,0.0,0
2023,03,31,Prior use of pholcodine-containing cough and cold remedies and risk of perioperative anaphylactic reactions to neuromuscular blocking agents (NMBAs),0.0,0
2023,03,29,WHO certifies Azerbaijan and Tajikistan as malaria-free,0.0,0
2023,03,27,Quadripartite call to action for One Health for a safer world,0.0,0
2023,03,23,WHO steps up the Director-General’s flagship initiative to combat tuberculosis,0.0,0
2023,03,22,"Our lifetime opportunity to enable water, sanitation and hygiene for all",0.0,0
2023,03,22,The cholera emergency is avoidable,0.3620531002895549,1
2023,03,18,SAGO statement on newly released SARS-CoV-2 metagenomics data from China CDC on GISAID,0.0,0
2023,03,16,Statement on the update of WHO’s working definitions and tracking system for SARS-CoV-2 variants of concern and variants of interest,0.0,0
2023,03,15,Five cities recognized for public health achievements at Partnership for Healthy Cities Summit,0.0,0
2023,03,14,WHO renews alert on safeguards for health worker recruitment,0.0,0
2023,03,13,WHO at the 146th Assembly of the Inter-Parliamentary Union (IPU): statement in the General Debate,0.0,0
2023,03,11,WHO at the 146th Assembly of the Inter-Parliamentary Union (IPU): statement at the 35th Session of the IPU Forum of Women Parliamentarians,0.0,0
2023,03,9,Massive efforts needed to reduce salt intake and protect lives,0.0,0
2023,03,8,WHO statement on the situation relating to the Regional Director of the Western Pacific,0.0,0
2023,03,3,Countries begin negotiations on global agreement to protect world from future pandemic emergencies,0.22573329895542987,1
2023,03,3,WHO launches policy on preventing and addressing sexual misconduct,0.0,0
2023,03,1,Visit of WHO Director-General to north-west Syria,0.0,0
2023,02,25,Governments hold first detailed discussions on proposed amendments to the International Health Regulations (2005),0.0,0
2023,02,24,Recommendations announced for influenza vaccine composition for the 2023-2024 northern hemisphere influenza season,0.0,0
2023,02,23,A woman dies every two minutes due to pregnancy or childbirth: UN agencies,0.0,0
2023,02,22,A new era in the fight against measles and rubella,0.0,0
2023,02,22,Medical Product Alert N°2/2023: TETRACYCLINE HYDROCHLORIDE OPHTHALMIC OINTMENT USP 1%,0.0,0
2023,02,15,Fourth meeting of the International Health Regulations (2005) (IHR) Emergency Committee on the Multi-Country Outbreak of monkeypox (mpox),0.4776160552394392,1
2023,02,10,WHO sends health supplies to reach 400 000 people impacted by the earthquakes in Türkiye and the Syrian Arab Republic,0.0,0
2023,02,2,Statement of the thirty-fourth Polio IHR Emergency Committee,0.3089276435795896,1
2023,02,1,African leaders unite in pledge to end AIDS in children,0.0,0
2023,01,31,Dr Jarbas Barbosa elected as WHO Regional Director for the Americas,0.0,0
2023,01,30,More countries eliminate neglected tropical diseases but investments key to sustain progress,0.0,0
2023,01,30,WHO holds an inaugural meeting of the new Youth Council,0.0,0
2023,01,30,Statement on the fourteenth meeting of the International Health Regulations (2005) Emergency Committee regarding the coronavirus disease (COVID-19) pandemic,1.191806817531682,1
2023,01,24,Message for World Leprosy Day 2023,0.0,0
2023,01,23,"WHO launches funding appeal to help a record number of people in complex, intersecting health emergencies",0.0,0
2023,01,23,Five billion people unprotected from trans fat leading to heart disease,0.26944673452201795,1
2023,01,23,WHO urges action to protect children from contaminated medicines,0.0,0
2023,01,19,How well do development partners work together and follow country priorities to achieve the health SDGs?,0.0,0
2023,01,18,Small Island Developing States accelerate action to tackle biggest killers,0.0,0
2023,01,17,WHO announces plans to establish a TB Vaccine Accelerator council,0.0,0
2023,01,14,"WHO welcomes data on COVID-19 in China, meeting with Minister",0.19179936717914645,1
2023,01,13,"WHO updates COVID-19 guidelines on masks, treatments and patient care",0.15579777099241074,1
2023,01,12,Urgent action needed as acute malnutrition threatens the lives of millions of vulnerable children,0.0,0
2023,01,11,Medical Product Alert N°1/2023: Substandard (contaminated) liquid dosage medicines,0.0,0
2023,01,4,TAG-VE statement on the meeting of 3 January on the COVID-19 situation in China,0.15359548771744974,1
2021,12,22,Interim statement on booster doses for COVID-19 vaccination,0.2047938626754319,1
2021,12,22,"From vaccines to vaccinations: seventh meeting of the Multilateral Leaders Task Force on COVID-19 Vaccines, Therapeutics and Diagnostics",0.12494055800133107,1
2021,12,22,Medical Product Alert N°9/2021: Falsified Soliris,0.0,0
2021,12,21,Medical Product Alert N°8/2021: Falsified Combiart,0.0,0
2021,12,17,WHO lists 9th COVID-19 vaccine for emergency use with aim to increase access to vaccination in lower-income countries,0.3194247583945409,1
2021,12,16,Dr Ayoade Alakija appointed WHO Special Envoy for the ACT-Accelerator,0.0,0
2021,12,16,New WHO Global Competency Standards aim to strengthen the health workforce and support provision of quality health services to refugees and migrants,0.0,0
2021,12,15,10th Global Conference on Health Promotion charters a path for creating ‘well-being societies’,0.0,0
2021,12,14,Seventeenth meeting of the UN Inter-Agency Task Force on NCDs,0.0,0
2021,12,13,WHO and St. Jude to dramatically increase global access to childhood cancer medicines,0.0,0
2021,12,13,Investing 1 dollar per person per year could save 7 million lives in low- and lower-middle-income countries,0.0,0
2021,12,12,More than half a billion people pushed or pushed further into extreme poverty due to health care costs,0.0,0
2021,12,10,Two decades dedicated to capacity building for health emergency preparedness and response,0.23497013225903038,1
2021,12,9,"WHO and Global Fund warn inequalities block progress towards ending AIDS, TB and malaria",0.0,0
2021,12,9,WHO continues to support its conditional recommendation for the dapivirine vaginal ring as an additional prevention option for women at substantial risk of HIV,0.0,0
2021,12,7,WHO accelerates work on nutrition targets with new commitments,0.0,0
2021,12,7,WHO recommends against the use of convalescent plasma to treat COVID-19,0.16520906388065537,1
2021,12,7,Countries with regulations protecting people from industrially produced trans fat tripled over the past year,0.0,0
2021,12,6,WHO welcomes historic decision by Gavi to fund the first malaria vaccine,0.0,0
2021,12,6,More malaria cases and deaths in 2020 linked to COVID-19 disruptions,0.16755533612546938,1
2021,12,3,#ACTogether campaign to promote access to COVID-19 tools during FIFA Arab Cup™,0.1485641971004907,1
2021,12,1,"World AIDS Day 2021 - Step up, be bold, end AIDS, end inequalities and end pandemics",0.0,0
2021,12,1,"Tripartite and UNEP support OHHLEP's definition of ""One Health""",0.0,0
2021,12,1,"World Health Assembly agrees to launch process to develop historic global accord on pandemic prevention, preparedness and response",0.19052087150128322,1
2021,11,29,Joint Statement on Dose Donations of COVID-19 Vaccines to African Countries,0.17580950965305492,1
2021,11,28,Update on Omicron,0.0,0
2021,11,26,Classification of Omicron (B.1.1.529): SARS-CoV-2 Variant of Concern,0.0,0
2021,11,25,FIFA supports World Health Organization 16-day campaign to raise awareness on domestic violence,0.0,0
2021,11,24,Interim statement on COVID-19 vaccination for children and adolescents,0.207504646462608,1
2021,11,24,First meeting of Scientific Advisory Group for the Origins of Novel Pathogens (SAGO),0.0,0
2021,11,23,Statement of the Thirtieth Polio IHR Emergency Committee,0.3209716017121329,1
2021,11,23,WHO issues guidelines on the treatment of children with multisystem inflammatory syndrome associated with COVID-19,0.1351959583237934,1
2021,11,23,"WHO and MPP announce the first transparent, global, non-exclusive licence for a COVID-19 technology",0.13291397422702547,1
2021,11,17,Global leaders call for cervical cancer elimination on Day of Action,0.0,0
2021,11,16,UN Agencies Back Bold Plan To Ensure Every Child In Need Gets A Regular Healthy Meal In School By 2030,0.0,0
2021,11,16,Tobacco use falling: WHO urges countries to invest in helping more people to quit tobacco,0.0,0
2021,11,12,Joint Research Centre and World Health Organization join forces to use behavioural insights for public health,0.0,0
2021,11,12,New WHO report maps barriers to insulin availability and suggests actions to promote universal access,0.0,0
2021,11,10,Global progress against measles threatened amidst COVID-19 pandemic,0.4427237882886368,1
2021,11,10,The Future is Unwritten - Healing Arts Symposium,0.0,0
2021,11,10,"International organizations, vaccine manufacturers take stock of COVID-19 vaccine roll out, share views for 2022",0.12554683795694166,1
2021,11,9,Countries commit to develop climate-smart health care at COP26 UN climate conference,0.0,0
2021,11,9,"WHO and the International Organization of La Francophonie sign agreement that outlines common areas of work on universal health coverage, malaria control and the WHO Academy",0.0,0
2021,11,8,"Many countries are prioritizing health and climate change, but lack funds to take action",0.0,0
2021,11,5,FAO/WHO Joint Media Advisory: Codex Alimentarius Commission,0.0,0
2021,11,4,Medical Product Alert N°7/2021: Falsified COVID-19 Vaccine AstraZeneca,0.1946669548605482,1
2021,11,4,Medical Product Alert N°6/2021: Falsified Pfizer-BioNTech COVID-19 Vaccine,0.16495384340790506,1
2021,11,3,WHO issues emergency use listing for eighth COVID-19 vaccine,0.46875444871830707,1
2021,10,29,An appeal to G20 leaders to make vaccines accessible to people on the move,0.0,0
2021,10,29,World Health Organization Secretariat announcement regarding the election of the next WHO Director-General,0.0,0
2021,10,28,"New ACT-Accelerator strategy calls for US$ 23.4 billion international investment to solve inequities in global access to COVID-19 vaccines, tests & treatments",0.11495346054973746,1
2021,10,28,WHO launches the third edition Health for All Film Festival call for short films,0.0,0
2021,10,27,COVID-19 subcommittee of the WHO Global Advisory Committee on Vaccine Safety (GACVS): updated statement regarding myocarditis and pericarditis reported with COVID-19 mRNA vaccines,0.2309509882333066,1
2021,10,27,WHO-Unitaid statement on the MPP licensing agreement for molnupiravir,0.0,0
2021,10,26,Top economists call for radical redirection of the economy to put Health for All at the centre in the run-up to G20,0.0,0
2021,10,26,Statement on the ninth meeting of the International Health Regulations (2005) Emergency Committee regarding the coronavirus disease (COVID-19) pandemic,1.2056543724071158,1
2021,10,26,WHO statement on Solidarity Trial Vaccines,0.0,0
2021,10,21,WHO unveils action plan to address findings of Independent Commission on DRC SEA allegations,0.0,0
2021,10,21,WHO and partners call for action to better protect health and care workers from COVID-19,0.18251597357372115,1
2021,10,18,State of Qatar and WHO team up for a healthy and safe FIFA World Cup Qatar 2022,0.0,0
2021,10,18,Statement promoting sport and health,0.0,0
2021,10,18,Football champion Didier Drogba appointed WHO Ambassador for Sports and Health,0.0,0
2021,10,14,Tuberculosis deaths rise for the first time in more than a decade due to the COVID-19 pandemic,0.4195309530540083,1
2021,10,13,WHO Director-General Bestows Posthumous Award on the Late Henrietta Lacks,0.0,0
2021,10,13,WHO Announces Proposed Members of its Scientific Advisory Group for the Origins of Novel Pathogens (SAGO),0.0,0
2021,10,11,WHO’s 10 calls for climate action to assure sustained recovery from COVID-19,0.1534713366163672,1
2021,10,8,WHO report highlights global shortfall in investment in mental health,0.0,0
2021,10,7,"WHO, UN set out steps to meet world COVID vaccination targets",0.17331811874006117,1
2021,10,6,WHO recommends groundbreaking malaria vaccine for children at risk,0.0,0
2021,10,4,Interim statement on booster doses for COVID-19 vaccination,0.2047938626754319,1
2021,10,1,WHO prioritizes access to diabetes and cancer treatments in new Essential Medicines Lists,0.0,0
2021,09,28,WHO and partners call for urgent action on meningitis,0.0,0
2021,09,27,All Principals video to mark two year anniversary of the launch of the SDG3 Global Action Plan,0.0,0
2021,09,27,WHO Academy Groundbreaking Ceremony Expanding Access to Critical Learning,0.0,0
2021,09,24,New storybook to help children stay hopeful during COVID-19,0.1598710898372036,1
2021,09,24,On new recommendation for treatment of COVID-19 patients: WHO calls for equitable access to casirivimab and imdevimab for COVID-19,0.2602129080962353,1
2021,09,24,Global commitments on COVID-19 offer way forward but success depends on action being taken now,0.12742194974146195,1
2021,09,24,"ACT-Accelerator partnership welcomes leadership and commitments at US COVID Summit to ending COVID-19 pandemic through equitable access to tests, treatments, and vaccines",0.4180376662795591,1
2021,09,24,What Needs to Change to Enhance Covid-19 Vaccine Access,0.19081527626514383,1
2021,09,23,Global leaders commit further support for global equitable access to COVID-19 vaccines and COVAX,0.16873639957227418,1
2021,09,22,New WHO Global Air Quality Guidelines aim to save millions of lives from air pollution,0.0,0
2021,09,22,Acute health needs in Afghanistan must be urgently addressed and health gains protected,0.0,0
2021,09,20,Former UK Prime Minister Gordon Brown appointed WHO Ambassador for Global Health Financing,0.0,0
2021,09,17,"WHO calls on world leaders at the UN General Assembly to focus on vaccine equity, pandemic preparedness, and getting the SDGs back on track",0.1973162226952461,1
2021,09,17,WHO/ILO: Almost 2 million people die from work-related causes each year,0.0,0
2021,09,16,"International Organizations, Vaccine Manufacturers Agree to Intensify Cooperation to Deliver COVID-19 Vaccines",0.14058915094055865,1
2021,09,14,Leaders Make Urgent Call To Accelerate Vaccination Globally And In Africa,0.0,0
2021,09,13,Upcoming WHO Consultation on the Composition of Influenza Virus Vaccines for the Southern Hemisphere 2022,0.3181262322833065,1
2021,09,12,"Countries in WHO South-East Asia Region endorse health promoting schools, safe school operations during pandemic",0.1705919885959408,1
2021,09,8,Joint COVAX Statement on Supply Forecast for 2021 and early 2022,0.0,0
2021,09,8,"INCB, UNODC and WHO Joint Statement on Access to Controlled Medicines in Emergencies",0.0,0
2021,09,8,Call for experts to join Scientific Advisory Group for the Origins of Novel Pathogens,0.0,0
2021,09,3,WHO issues an interim guidance on COVID-19 immunization in refugees and migrants,0.17356785570774558,1
2021,09,2,World failing to address dementia challenge,0.0,0
2021,09,1,"WHO, Germany open Hub for Pandemic and Epidemic Intelligence in Berlin",0.22276468018335435,1
2021,08,31,WHO releases new compendium of innovative health technologies for COVID-19 and other priority diseases,0.14805783780355353,1
2021,08,31,Medical Product Alert N°5/2021: Falsified COVISHIELD vaccine (Update),0.0,0
2021,08,27,Joint Statement of the Multilateral Leaders Taskforce on Scaling COVID-19 Tools,0.16026617580190497,1
2021,08,25,More than 700 million people with untreated hypertension,0.0,0
2021,08,20,Statement of the Twenty-Ninth Polio IHR Emergency Committee,0.32814144680836776,1
2021,08,19,"Bucharest, Cairo, Córdoba, Dublin, Greater Manchester, and Warsaw Join Bloomberg Philanthropies’ Partnership for Healthy Cities",0.0,0
2021,08,19,Statement by Principals of the Inter-Agency Standing Committee (IASC) on Afghanistan,0.0,0
2021,08,18,Joint Statement from Unitaid and the World Health Organization (on behalf of the Access to COVID-19 Tools Accelerator) regarding availability of tocilizumab,0.12721785939070993,1
2021,08,17,Cote d’Ivoire starts Ebola vaccination of frontline workers,0.0,0
2021,08,16,ACT-Accelerator launches urgent US$ 7.7 billion appeal to stem surge of dangerous variants and save lives everywhere,0.0,0
2021,08,14,PAHO deploys experts to support Haiti during earthquake aftermath,0.0,0
2021,08,14,Cote d’Ivoire declares first Ebola outbreak in more than 25 years,0.29621687484187387,1
2021,08,13,Medical Product Alert N°4/2021: Falsified remdesivir,0.0,0
2021,08,12,WHO Statement on advancing the next series of studies to find the origins of SARS-CoV-2,0.0,0
2021,08,11,WHO’s Solidarity clinical trial enters a new phase with three new candidate drugs,0.0,0
2021,08,10,Interim statement on COVID-19 vaccine booster doses,0.21558499321349792,1
2021,08,10,Interim statement on dose-sparing strategies for COVID-19 vaccines (fractionated vaccine doses),0.1405129717593045,1
2021,08,10,Interim statement on heterologous priming for COVID-19 vaccines,0.18830956984138314,1
2021,08,10,Medical Product Alert N°3/2021: Falsified CYTOTEC,0.0,0
2021,08,6,"Fraudulent “COVID-19 Compensation Lottery Prize” scam, falsely alleges association with WHO and others",0.11813494506017011,1
2021,08,2,FIFA launches #ReachOut campaign for better mental health,0.0,0
2021,08,1,Joint statement by UNICEF Executive Director Henrietta Fore and WHO Director-General Dr. Tedros Adhanom Ghebreyesus on the occasion of World Breastfeeding Week,0.0,0
2021,07,30,"Joint Statement of the Multilateral Leaders Task Force on COVID-19 Vaccines, Therapeutics, and Diagnostics for Developing Countries following its Second Meeting",0.12058993711066804,1
2021,07,30,New consortium working to boost vaccine production in South Africa,0.0,0
2021,07,28,HE Ellen Johnson Sirleaf and Rt Hon. Helen Clark brief Member States at the United Nations General Assembly on pandemic response,0.14781564009625014,1
2021,07,28,Elevating political leadership for Pandemic Preparedness and Response Meeting with the UN General Assembly,0.2349018456787469,1
2021,07,28,“Hepatitis can’t wait” - WHO commemorates World Hepatitis Day 2021,0.0,0
2021,07,27,Joint statement by UNICEF Executive Director Henrietta Fore and WHO Director-General Dr. Tedros Adhanom Ghebreyesus for the Pre-Summit of the UN Food Systems,0.0,0
2021,07,26,Statement of the WHO Global Advisory Committee on Vaccine Safety (GACVS) COVID-19 subcommittee on reports of Guillain-Barré Syndrome (GBS) following adenovirus vector COVID-19 vaccines,0.19835035711658894,1
2021,07,23,Together to #ENDviolence: Leaders' Statement. Six game-changing actions to End Violence Against Children,0.0,0
2021,07,22,Vaccine inequity undermining global economic recovery,0.0,0
2021,07,22,"International Paralympic Committee, World Health Organization sign memorandum of understanding to cooperate in the promotion of diversity and equity in health and sports",0.0,0
2021,07,21,New report reveals stark inequalities in access to HIV prevention and treatment services for children—partners call for urgent action,0.0,0
2021,07,19,WFP and WHO launch innovative project on Emergency Health Facilities,0.24898828142754495,1
2021,07,15,"COVID-19 pandemic leads to major backsliding on childhood vaccinations, new WHO, UNICEF data shows",0.33425851735449347,1
2021,07,15,Statement on the eighth meeting of the International Health Regulations (2005) Emergency Committee regarding the coronavirus disease (COVID-19) pandemic,1.222572469972702,1
2021,07,12,UN report: Pandemic year marked by spike in world hunger,0.25106525187524686,1
2021,07,12,WHO issues new recommendations on human genome editing for the advancement of public health,0.0,0
2021,07,9,COVID-19 subcommittee of the WHO Global Advisory Committee on Vaccine Safety (GACVS): updated guidance regarding myocarditis and pericarditis reported with COVID-19 mRNA vaccines,0.22544552599315215,1
2021,07,6,WHO recommends life-saving interleukin-6 receptor blockers for COVID-19 and urges producers to join efforts to rapidly increase access,0.10470848793096992,1
2021,07,5,WHO pledges extensive commitments towards women’s empowerment and health,0.0,0
2021,07,1,"Billions of people will lack access to safe water, sanitation and hygiene in 2030 unless progress quadruples – warn WHO, UNICEF",0.0,0
2021,07,1,Joint COVAX Statement on the Equal Recognition of Vaccines,0.0,0
2021,06,30,"WHO and Global Fund Sign Cooperation Agreement to Scale Up HIV, TB and Malaria Interventions and Strengthen Health Systems",0.0,0
2021,06,30,"First Meeting of the Task Force on COVID-19 Vaccines, Therapeutics and Diagnostics for Developing Countries",0.15217240230264945,1
2021,06,30,From 30 million cases to zero: China is certified malaria-free by WHO,0.0,0
2021,06,29,Statement by the International Commission on Occupational Health,0.0,0
2021,06,28,WHO issues first global report on Artificial Intelligence (AI) in health and six guiding principles for its design and use,0.0,0
2021,06,28,The future we expect: women’s health and gender equality,0.0,0
2021,06,25,"At Local Production Forum, WHO and partners highlight key steps to improve access to health technologies",0.0,0
2021,06,24,"Directors General of WHO, WIPO and the WTO agree on intensified cooperation in support of access to medical technologies worldwide to tackle the COVID-19 pandemic",0.2872748058293978,1
2021,06,22,UNESCO and WHO urge countries to make every school a health-promoting school,0.0,0
2021,06,21,WHO supporting South African consortium to establish first COVID mRNA vaccine technology transfer hub,0.12704516590455645,1
2021,06,18,United Nations statement on the renewal of humanitarian lifeline to millions of people in north-west Syria,0.0,0
2021,06,17,One in 100 deaths is by suicide,0.0,0
2021,06,16,WHO Guideline on management of chronic primary low back pain in adults,0.0,0
2021,06,15,"Soaring e-waste affects the health of millions of children, WHO warns",0.0,0
2021,06,13,The ACT Accelerator partnership welcomes commitment of 870 million vaccine doses and calls for more investment in all tools to end the pandemic,0.19067524788784385,1
2021,06,13,"G7 announces pledges of 870 million COVID-19 vaccine doses, of which at least half to be delivered by the end of 2021",0.1264388532798732,1
2021,06,12,Ethiopia to vaccinate 2 million against cholera in Tigray region,0.0,0
2021,06,10,New WHO guidance seeks to put an end to human rights violations in mental health care,0.0,0
2021,06,10,Countries reaffirm commitment to ending polio at launch of new eradication strategy,0.0,0
2021,06,9,Council on the Economics of Health For All issues brief on equitable health innovation,0.0,0
2021,06,4,WHO joins the UN Decade on Ecosystem Restoration on World Environment Day,0.0,0
2021,06,1,WHO validates Sinovac COVID-19 vaccine for emergency use and issues interim policy recommendations,0.3721585618522746,1
2021,06,1,Statement on protection of health care in complex humanitarian emergencies,0.0,0
2021,06,1,"New US$50 billion health, trade and finance roadmap to end the pandemic and secure a global recovery",0.19469814320526366,1
2021,05,31,The Seventy-fourth World Health Assembly closes,0.0,0
2021,05,29,Update from the Seventy-fourth World Health Assembly – 29 May 2021,0.0,0
2021,05,28,Statement by the Malaria Policy Advisory Group on the urgent need to address the high prevalence of pfhrp2/3 gene deletions in the Horn of Africa and beyond,0.0,0
2021,05,28,Update from the Seventy-fourth World Health Assembly – 28 May 2021,0.0,0
2021,05,28,WHO supports people quitting tobacco to reduce their risk of severe COVID-19,0.14661949720635015,1
2021,05,27,The President of the Republic of Costa Rica and the Director-General of the World Health Organization call once again on all WHO Member States to actively support the COVID-19 Technology Access Pool (C-TAP),0.10394081043307503,1
2021,05,27,Update from the Seventy-fourth World Health Assembly – 27 May 2021,0.0,0
2021,05,27,COVAX Joint Statement: Call to action to equip COVAX to deliver 2 billion doses in 2021,0.0,0
2021,05,27,World Health Assembly approves development of implementation roadmap for achieving SDG target on noncommunicable diseases,0.0,0
2021,05,27,New WHA Resolution to bring much needed boost to diabetes prevention and control efforts,0.0,0
2021,05,27,World Health Assembly Resolution paves the way for better oral health care,0.0,0
2021,05,26,COVID-19 subcommittee of the WHO Global Advisory Committee on Vaccine Safety (GACVS) reviews cases of mild myocarditis reported with COVID-19 mRNA vaccines,0.22555062162139997,1
2021,05,25,"IOAC statement at the Seventy-fourth World Health Assembly, 25 May 2021",0.0,0
2021,05,24,"WHO and Switzerland launch global BioHub for pathogen storage, sharing and analysis",0.0,0
2021,05,21,WHO/UNICEF statement on the 40th anniversary of the international code of marketing breastmilk substitutes,0.0,0
2021,05,21,Statement following the Twenty-Eighth IHR Emergency Committee for Polio,0.29685043351243157,1
2021,05,21,G20 leaders boost support of the Access to COVID-19 Tools (ACT) Accelerator but urgent and immediate action is needed to maintain momentum,0.1185903941159529,1
2021,05,21,Preventing the next human influenza pandemic: Celebrating 10 years of the Pandemic Influenza Preparedness Framework,0.3459882890717304,1
2021,05,20,New international expert panel to address the emergence and spread of zoonotic diseases,0.0,0
2021,05,20,Support to countries’ equitable and resilient recovery from the pandemic towards the health SDGs: The 2021 SDG3 GAP progress report,0.1964495430072469,1
2021,05,19,WHO issues new guidance for research on genetically modified mosquitoes to fight malaria and other vector-borne diseases,0.0,0
2021,05,19,World Health Assembly to focus on ending COVID-19 pandemic and preparing for next one,0.44875286648380286,1
2021,05,19,Statement of the COVID-19 subcommittee of the WHO Global Advisory Committee on Vaccine Safety (GACVS) on safety signals related to the Johnson & Johnson/Janssen COVID-19 vaccine,0.19416872065661628,1
2021,05,18,Dynamic WHO dashboard for island states highlights barriers and progress on climate change and health,0.0,0
2021,05,17,"Long working hours increasing deaths from heart disease and stroke: WHO, ILO",0.24423340586176512,1
2021,05,7,WHO lists additional COVID-19 vaccine for emergency use and issues interim policy recommendations,0.38982942169112156,1
2021,05,7,Joint Statement on transparency and data integrity International Coalition of Medicines Regulatory Authorities (ICMRA) and WHO,0.0,0
2021,05,6,Global experts of new WHO Council on the Economics of Health For All announced,0.0,0
2021,05,5,WHO Director-General commends United States decision to support temporary waiver on intellectual property rights for COVID-19 vaccines,0.11101218630413602,1
2021,05,5,"WHO, Germany launch new global hub for pandemic and epidemic intelligence",0.24595969098838696,1
2021,05,5,New report sounds the alarm on global shortage of 900 000 midwives,0.0,0
2021,05,5,New WHO benchmarks help countries reduce salt intake and save lives,0.0,0
2021,05,3,WHO welcomes Sweden’s announcement to share COVID-19 vaccine doses with COVAX,0.1599502261846326,1
2021,05,3,WHO Director-General congratulates the Democratic Republic of the Congo as 12th Ebola outbreak is declared over; stresses need to maintain vigilance to prevent virus’s return,0.4268819453209469,1
2021,04,30,WHO lists Moderna vaccine for emergency use,0.31708969552632493,1
2021,04,27,Sudan launches yellow fever vaccination campaign among Ethiopian refugees and host communities,0.0,0
2021,04,27,Democratic Republic of the Congo to vaccinate over 16 million people against yellow fever,0.0,0
2021,04,26,"Immunization services begin slow recovery from COVID-19 disruptions, though millions of children remain at risk from deadly diseases – WHO, UNICEF, Gavi",0.10875829502932795,1
2021,04,23,ACT-Accelerator one year on,0.0,0
2021,04,23,COVID-19 continues to disrupt essential health services in 90% of countries,0.16078050800700977,1
2021,04,22,Statement of the Strategic Advisory Group of Experts (SAGE) on Immunization: Continued review of emerging evidence on AstraZeneca COVID-19 Vaccines,0.11681125084441754,1
2021,04,21,World Malaria Day: WHO launches effort to stamp out malaria in 25 more countries by 2025,0.0,0
2021,04,20,Driving Global Health: Romain Grosjean announces his support for the WHO Foundation,0.0,0
2021,04,19,WHO-backed global youth mobilization funds young people's ideas to combat impact of COVID-19 pandemic,0.30224820000602576,1
2021,04,19,Statement on the seventh meeting of the International Health Regulations (2005) Emergency Committee regarding the coronavirus disease (COVID-19) pandemic,1.222572469972702,1
2021,04,19,"Greta Thunberg, climate and environment activist, joins World Health Organization’s call for vaccine equity",0.0,0
2021,04,16,Global Advisory Committee on Vaccine Safety (GACVS) review of latest evidence of rare adverse blood coagulation events with AstraZeneca COVID-19 Vaccine (Vaxzevria and Covishield),0.09359751020558503,0
2021,04,14,New WHO Global Compact to speed up action to tackle diabetes,0.0,0
2021,04,14,WHO and the International Organisation of the Francophonie (IOF) sign Memorandum of Understanding to strengthen access to health in Francophone countries,0.0,0
2021,04,8,"COVAX reaches over 100 economies, 42 days after first international delivery",0.0,0
2021,04,7,Interim statement of the COVID-19 subcommittee of the WHO Global Advisory Committee on Vaccine Safety on AstraZeneca COVID-19 vaccine,0.2957121713378905,1
2021,04,7,Alisson Becker and WHO Foundation launch campaign to raise resources and support treatment for COVID-19 patients starting in the Americas,0.11118850630763313,1
2021,04,6,"WHO urges countries to build a fairer, healthier world post-COVID-19",0.15510996059107776,1
2021,03,31,"Carl Bildt, former Prime Minister of Sweden, appointed WHO Special Envoy for the ACT-Accelerator",0.0,0
2021,03,30,"WHO calls for further studies, data on origin of SARS-CoV-2 virus, reiterates that all hypotheses remain open",0.26639630146623205,1
2021,03,30,Global leaders unite in urgent call for international pandemic treaty,0.2779670916309827,1
2021,03,26,Medical Product Alert N°2/2021: Falsified COVID-19 Vaccine BNT162b2,0.18636199934881267,1
2021,03,25,COVAX updates participants on delivery delays for vaccines from Serum Institute of India (SII) and AstraZeneca,0.0,0
2021,03,25,Joint Statement on prioritization of COVID-19 vaccination for seafarers and aircrew,0.16706981513476518,1
2021,03,22,Statement on Gender-Based Violence in Tigray region of Ethiopia,0.0,0
2021,03,22,COVID-19 highlights urgent need to reboot global effort to end tuberculosis,0.1507042093735352,1
2021,03,22,WHO announces the 2nd edition of the Health for All Film Festival shortlist and jury composition,0.0,0
2021,03,19,Statement of the WHO Global Advisory Committee on Vaccine Safety (GACVS) COVID-19 subcommittee on safety signals related to the AstraZeneca COVID-19 vaccine,0.23593535686144734,1
2021,03,18,Ageism is a global challenge: UN,0.0,0
2021,03,17,WHO statement on AstraZeneca COVID-19 vaccine safety signals,0.21167485218082407,1
2021,03,16,New brief outlines devastating harms from tobacco use and exposure to second-hand tobacco smoke during pregnancy and throughout childhood - Report calls for protective policies,0.0,0
2021,03,16,New research highlights risks of separating newborns from mothers during COVID-19 pandemic,0.35905022323477176,1
2021,03,15,COVID-19 Solidarity Response Fund marks first anniversary and appeals for continued support,0.14406085337076735,1
2021,03,12,WHO adds Janssen vaccine to list of safe and effective emergency tools against COVID-19,0.37095362812976107,1
2021,03,12,ACT-Accelerator releases prioritised strategy and budget for 2021 to change the course of the evolving COVID-19 pandemic,0.3053282827015418,1
2021,03,10,Medical Product Alert N°1/2021: Falsified Vitamin A,0.0,0
2021,03,9,Devastatingly pervasive: 1 in 3 women globally experience violence,0.0,0
2021,03,8,GACVS COVID-19 Vaccine Safety subcommittee meeting to review reports on influenza-like illness in individuals vaccinated with COVID-19 vaccines,0.22187724424067387,1
2021,03,5,New WHO/IAEA publication provides guidance on radiotherapy equipment to fight cancer,0.0,0
2021,03,4,Rotavirus vaccines made available for use in humanitarian crises,0.0,0
2021,03,3,Fiji Launches National Guidelines for Climate Resilient and Environmentally Sustainable Health Care Facilities,0.0,0
2021,03,2,COVAX publishes first round of allocations,0.0,0
2021,03,2,WHO: 1 in 4 people projected to have hearing problems by 2050,0.0,0
2021,03,1,First COVID-19 COVAX vaccine doses administered in Africa,0.19279068357537685,1
2021,02,25,"COVID-19 oxygen emergency impacting more than half a million people in low- and middle-income countries every day, as demand surges",0.2907416805727455,1
2021,02,25,El Salvador certified as malaria-free by WHO,0.0,0
2021,02,24,"COVID-19 vaccine doses shipped by the COVAX Facility head to Ghana, marking beginning of global rollout",0.11796570292773197,1
2021,02,24,Republic of Moldova prepares for COVID-19 vaccine deployment,0.17075326348467912,1
2021,02,24,COVID-19 response review in the Republic of Moldova informs next steps,0.1634907309733961,1
2021,02,22,No-fault compensation programme for COVID-19 vaccines is a world first,0.18625706454905122,1
2021,02,20,WHO Director-General's statement on Tanzania and COVID-19,0.2305107748910234,1
2021,02,19,World Waking Up To Vaccine Equity,0.0,0
2021,02,19,Statement of the Twenty-Seventh Polio IHR Emergency Committee,0.33722060709169754,1
2021,02,19,"G7 leaders commit US$ 4.3 billion to finance global equitable access to tests, treatments and vaccines in 2021",0.0,0
2021,02,16,COVAX Statement on WHO Emergency Use Listing for AstraZeneca/Oxford COVID-19 Vaccine,0.4111471502524603,1
2021,02,15,WHO lists two additional COVID-19 vaccines for emergency use and COVAX roll-out,0.4269381398171793,1
2021,02,12,Acute malnutrition threatens half of children under five in Yemen in 2021: UN,0.0,0
2021,02,10,"In the COVID-19 vaccine race, we either win together or lose together",0.1792344725062509,1
2021,02,10,ILO joins the Global Action Plan for Healthy Lives and Well-being for All,0.0,0
2021,02,8,COVAX Statement on New Variants of SARS-CoV-2,0.0,0
2021,02,4,WHO receives nearly 1200 entries for the 2nd edition of the Health for All Film Festival,0.0,0
2021,02,4,Spearheading cancer awareness drive in Nigeria,0.0,0
2021,02,3,Michael R. Bloomberg and Dr Tedros Adhanom Ghebreyesus call for global focus on noncommunicable diseases to save lives from COVID-19,0.1224162922714476,1
2021,02,3,COVAX publishes first interim distribution forecast,0.0,0
2021,02,1,WHO SCORE Global Report highlights urgent need for better data to strengthen pandemic response and improve health outcomes,0.19410082536204656,1
2021,02,1,FIFA and WHO #ACTogether to tackle COVID-19,0.2303285797177763,1
2021,01,30,Messages for World Leprosy Day 2021,0.0,0
2021,01,29,WHO publishes new Essential Diagnostics List and urges countries to prioritize investments in testing,0.0,0
2021,01,28,WHO issues new 10-year plan to end suffering from neglected tropical diseases,0.0,0
2021,01,22,"COVAX Announces new agreement, plans for first deliveries",0.0,0
2021,01,22,"GACVS COVID-19 Vaccine Safety subcommittee meeting to review reports of deaths of very frail elderly individuals vaccinated with Pfizer BioNTech COVID-19 vaccine, BNT162b2",0.19144084963900887,1
2021,01,20,WHO Information Notice for Users 2020/05,0.0,0
2021,01,19,Statement to the 148th Executive Board by the Chair of the Review Committee on the Functioning of the International Health Regulations (2005) during the COVID-19 Response,0.12762621161738083,1
2021,01,19,WHO Information Notice for IVD Users 2021/01,0.0,0
2021,01,16,"Scientists tackle vaccine safety, efficacy and access at global R&D forum",0.0,0
2021,01,15,Statement on the sixth meeting of the International Health Regulations (2005) Emergency Committee regarding the coronavirus disease (COVID-19) pandemic,1.2522426130819562,1
2021,01,15,"Emergency Committee on COVID-19 advises on variants, vaccines",0.5243065256489874,1
2021,01,12,WHO urges governments to promote healthy food in public facilities,0.0,0
2021,01,12,Global scientists double down on SARS-CoV-2 variants research at WHO-hosted forum,0.0,0
2021,01,12,"UNICEF, WHO, IFRC and MSF announce the establishment of a global Ebola vaccine stockpile",0.0,0
